{
  "weights": {
    "secteur_localisation": 0.21,
    "texte": 0.7,
    "structure": 0.09
  },
  "test_size": 8259,
  "metrics": {
    "precision@5": 0.3034265649594382,
    "precision@10": 0.17987649836541955,
    "recall@5": 0.5057109415990636,
    "recall@10": 0.5995883278847318,
    "ndcg@5": 0.5065487437193074,
    "ndcg@10": 0.5495400609736617
  }
}